{
  "AEIC_SE_ft2": {
    "bpp": 0.04306025854498148,
    "psnr": 21.74876,
    "dists": 0.10649,
    "ms_ssim": 0.82524,
    "lpips": 0.15652,
    "fid": 26.47,
    "kid_mean": -0.0002023,
    "kid_std": 0.0019481
  },
  "AEIC_SE_ft4": {
    "bpp": 0.02823997858352959,
    "psnr": 20.97175,
    "dists": 0.12212,
    "ms_ssim": 0.78581,
    "lpips": 0.18982,
    "fid": 31.47,
    "kid_mean": 0.0006425,
    "kid_std": 0.002148
  },
  "AEIC_SE_ft8": {
    "bpp": 0.01671327667310834,
    "psnr": 19.99184,
    "dists": 0.14355,
    "ms_ssim": 0.72826,
    "lpips": 0.23731,
    "fid": 39.62,
    "kid_mean": 0.0014884,
    "kid_std": 0.0028703
  },
  "AEIC_SE_ft16": {
    "bpp": 0.009251042957417667,
    "psnr": 18.86276,
    "dists": 0.16903,
    "ms_ssim": 0.65679,
    "lpips": 0.29913,
    "fid": 48.44,
    "kid_mean": 0.0028767,
    "kid_std": 0.0031011
  },
  "AEIC_SE_ft32": {
    "bpp": 0.00492830673744902,
    "psnr": 17.71056,
    "dists": 0.20171,
    "ms_ssim": 0.57587,
    "lpips": 0.37403,
    "fid": 60.05,
    "kid_mean": 0.0063705,
    "kid_std": 0.0046401
  }
}